astro_public_path,astro_file_path,filename,mapping_status,wordpress_upload_path,wordpress_public_url,wordpress_attachment_id,legacy_alt
/images/components/lumina-slate/active-solar-tile.webp,public/images/components/lumina-slate/active-solar-tile.webp,active-solar-tile.webp,astro_asset_without_exact_wordpress_filename_match,,,,
/images/components/lumina-slate/aluminum-valley-flashing.webp,public/images/components/lumina-slate/aluminum-valley-flashing.webp,aluminum-valley-flashing.webp,astro_asset_without_exact_wordpress_filename_match,,,,
/images/components/lumina-slate/eaves-starter-drip-edge.webp,public/images/components/lumina-slate/eaves-starter-drip-edge.webp,eaves-starter-drip-edge.webp,astro_asset_without_exact_wordpress_filename_match,,,,
/images/components/lumina-slate/flexible-flashing-roll.webp,public/images/components/lumina-slate/flexible-flashing-roll.webp,flexible-flashing-roll.webp,astro_asset_without_exact_wordpress_filename_match,,,,
/images/components/lumina-slate/inactive-half-tile-cuttable.webp,public/images/components/lumina-slate/inactive-half-tile-cuttable.webp,inactive-half-tile-cuttable.webp,astro_asset_without_exact_wordpress_filename_match,,,,
/images/components/lumina-slate/inactive-half-tile-uncuttable.webp,public/images/components/lumina-slate/inactive-half-tile-uncuttable.webp,inactive-half-tile-uncuttable.webp,astro_asset_without_exact_wordpress_filename_match,,,,
/images/components/lumina-slate/inactive-quarter-tile.webp,public/images/components/lumina-slate/inactive-quarter-tile.webp,inactive-quarter-tile.webp,astro_asset_without_exact_wordpress_filename_match,,,,
/images/components/lumina-slate/rake-tile.webp,public/images/components/lumina-slate/rake-tile.webp,rake-tile.webp,astro_asset_without_exact_wordpress_filename_match,,,,
/images/components/lumina-slate/ridge-support-bracket.webp,public/images/components/lumina-slate/ridge-support-bracket.webp,ridge-support-bracket.webp,astro_asset_without_exact_wordpress_filename_match,,,,
/images/components/lumina-slate/ridge-tile.webp,public/images/components/lumina-slate/ridge-tile.webp,ridge-tile.webp,astro_asset_without_exact_wordpress_filename_match,,,,
/images/components/lumina-slate/ventilated-ridge-roll.webp,public/images/components/lumina-slate/ventilated-ridge-roll.webp,ventilated-ridge-roll.webp,astro_asset_without_exact_wordpress_filename_match,,,,
/images/components/lumina-slate/vertical-flashing-strip.webp,public/images/components/lumina-slate/vertical-flashing-strip.webp,vertical-flashing-strip.webp,astro_asset_without_exact_wordpress_filename_match,,,,
/images/components/lumina-slate/wind-uplift-clip.webp,public/images/components/lumina-slate/wind-uplift-clip.webp,wind-uplift-clip.webp,astro_asset_without_exact_wordpress_filename_match,,,,
/images/components/shared/butyl-sealant-tape.webp,public/images/components/shared/butyl-sealant-tape.webp,butyl-sealant-tape.webp,astro_asset_without_exact_wordpress_filename_match,,,,
/images/components/shared/foil-radiant-barrier.webp,public/images/components/shared/foil-radiant-barrier.webp,foil-radiant-barrier.webp,astro_asset_without_exact_wordpress_filename_match,,,,
/images/components/shared/mc4-connector.webp,public/images/components/shared/mc4-connector.webp,mc4-connector.webp,astro_asset_without_exact_wordpress_filename_match,,,,
/images/components/shared/roof-batten.webp,public/images/components/shared/roof-batten.webp,roof-batten.webp,astro_asset_without_exact_wordpress_filename_match,,,,
/images/components/shared/waterproof-membrane.webp,public/images/components/shared/waterproof-membrane.webp,waterproof-membrane.webp,astro_asset_without_exact_wordpress_filename_match,,,,
/images/components/storm-guard/active-solar-tile.webp,public/images/components/storm-guard/active-solar-tile.webp,active-solar-tile.webp,astro_asset_without_exact_wordpress_filename_match,,,,
/images/components/storm-guard/dedicated-fastener.webp,public/images/components/storm-guard/dedicated-fastener.webp,dedicated-fastener.webp,astro_asset_without_exact_wordpress_filename_match,,,,
/images/components/storm-guard/eaves-starter-drip-edge.webp,public/images/components/storm-guard/eaves-starter-drip-edge.webp,eaves-starter-drip-edge.webp,astro_asset_without_exact_wordpress_filename_match,,,,
/images/components/storm-guard/flashing-board.webp,public/images/components/storm-guard/flashing-board.webp,flashing-board.webp,astro_asset_without_exact_wordpress_filename_match,,,,
/images/components/storm-guard/gable-panel.webp,public/images/components/storm-guard/gable-panel.webp,gable-panel.webp,astro_asset_without_exact_wordpress_filename_match,,,,
/images/components/storm-guard/gutter-board.webp,public/images/components/storm-guard/gutter-board.webp,gutter-board.webp,astro_asset_without_exact_wordpress_filename_match,,,,
/images/components/storm-guard/matching-metal-tile.webp,public/images/components/storm-guard/matching-metal-tile.webp,matching-metal-tile.webp,astro_asset_without_exact_wordpress_filename_match,,,,
/images/components/storm-guard/ridge-tile.webp,public/images/components/storm-guard/ridge-tile.webp,ridge-tile.webp,astro_asset_without_exact_wordpress_filename_match,,,,
/images/factory/仓库出货区 (1).webp,public/images/factory/仓库出货区 (1).webp,仓库出货区 (1).webp,astro_asset_without_exact_wordpress_filename_match,,,,
/images/factory/仓库出货区 (2).webp,public/images/factory/仓库出货区 (2).webp,仓库出货区 (2).webp,astro_asset_without_exact_wordpress_filename_match,,,,
/images/factory/仓库出货区 (3).webp,public/images/factory/仓库出货区 (3).webp,仓库出货区 (3).webp,astro_asset_without_exact_wordpress_filename_match,,,,
/images/factory/实验室 (1).webp,public/images/factory/实验室 (1).webp,实验室 (1).webp,astro_asset_without_exact_wordpress_filename_match,,,,
/images/factory/实验室 (2).webp,public/images/factory/实验室 (2).webp,实验室 (2).webp,astro_asset_without_exact_wordpress_filename_match,,,,
/images/factory/实验室 (3).webp,public/images/factory/实验室 (3).webp,实验室 (3).webp,astro_asset_without_exact_wordpress_filename_match,,,,
/images/factory/样品区.webp,public/images/factory/样品区.webp,样品区.webp,astro_asset_without_exact_wordpress_filename_match,,,,
/images/installation/storm-guard/3242c06590d2c61e8136049049fdfee.webp,public/images/installation/storm-guard/3242c06590d2c61e8136049049fdfee.webp,3242c06590d2c61e8136049049fdfee.webp,astro_asset_without_exact_wordpress_filename_match,,,,
/images/installation/storm-guard/67c6e5ce79a8e59ce993b22c7bf5181.webp,public/images/installation/storm-guard/67c6e5ce79a8e59ce993b22c7bf5181.webp,67c6e5ce79a8e59ce993b22c7bf5181.webp,astro_asset_without_exact_wordpress_filename_match,,,,
/images/installation/storm-guard/e22492b1a0126eb37079463e6ed6b2d.webp,public/images/installation/storm-guard/e22492b1a0126eb37079463e6ed6b2d.webp,e22492b1a0126eb37079463e6ed6b2d.webp,astro_asset_without_exact_wordpress_filename_match,,,,
/images/installation/storm-guard/e65800c5b5edc91adc1f0edf0dde863.webp,public/images/installation/storm-guard/e65800c5b5edc91adc1f0edf0dde863.webp,e65800c5b5edc91adc1f0edf0dde863.webp,astro_asset_without_exact_wordpress_filename_match,,,,
/images/projects/beijing-new-world-lizun/sunlit-bipv-mounting-system-wooden-battens-scaled.webp,public/images/projects/beijing-new-world-lizun/sunlit-bipv-mounting-system-wooden-battens-scaled.webp,sunlit-bipv-mounting-system-wooden-battens-scaled.webp,legacy_alt_inherited,2026/05/sunlit-bipv-mounting-system-wooden-battens-scaled.webp,https://www.sunlitsolarroof.com/wp-content/uploads/2026/05/sunlit-bipv-mounting-system-wooden-battens-scaled.webp,2570,Corrugated waterproof underlayment and wooden counter battens prepared for the BIPV mounting system.
/images/projects/beijing-new-world-lizun/sunlit-bipv-mounting-system-wooden-battens.webp,public/images/projects/beijing-new-world-lizun/sunlit-bipv-mounting-system-wooden-battens.webp,sunlit-bipv-mounting-system-wooden-battens.webp,astro_asset_without_exact_wordpress_filename_match,,,,
/images/projects/beijing-new-world-lizun/sunlit-bipv-roof-villa-construction-site.webp,public/images/projects/beijing-new-world-lizun/sunlit-bipv-roof-villa-construction-site.webp,sunlit-bipv-roof-villa-construction-site.webp,legacy_alt_inherited,2026/05/sunlit-bipv-roof-villa-construction-site.webp,https://www.sunlitsolarroof.com/wp-content/uploads/2026/05/sunlit-bipv-roof-villa-construction-site.webp,2571,A Beijing villa under construction featuring the newly installed Sunlit BIPV roof system.
/images/projects/beijing-new-world-lizun/sunlit-invisible-solar-roof-waterproof-surface.webp,public/images/projects/beijing-new-world-lizun/sunlit-invisible-solar-roof-waterproof-surface.webp,sunlit-invisible-solar-roof-waterproof-surface.webp,legacy_alt_inherited,2026/05/sunlit-invisible-solar-roof-waterproof-surface.webp,https://www.sunlitsolarroof.com/wp-content/uploads/2026/05/sunlit-invisible-solar-roof-waterproof-surface.webp,2572,"Water droplets on the waterproof surface of the invisible solar roof tiles, demonstrating excellent weather resistance."
/images/projects/beijing-new-world-lizun/sunlit-solar-roof-installation-over-battens.webp,public/images/projects/beijing-new-world-lizun/sunlit-solar-roof-installation-over-battens.webp,sunlit-solar-roof-installation-over-battens.webp,legacy_alt_inherited,2026/05/sunlit-solar-roof-installation-over-battens.webp,https://www.sunlitsolarroof.com/wp-content/uploads/2026/05/sunlit-solar-roof-installation-over-battens.webp,2573,Installation of Sunlit solar roof tiles over the breathable wooden batten framework and underlayment.
/images/projects/beijing-new-world-lizun/sunlit-solar-slate-roof-edge-finish-beijing.webp,public/images/projects/beijing-new-world-lizun/sunlit-solar-slate-roof-edge-finish-beijing.webp,sunlit-solar-slate-roof-edge-finish-beijing.webp,legacy_alt_inherited,2026/05/sunlit-solar-slate-roof-edge-finish-beijing.webp,https://www.sunlitsolarroof.com/wp-content/uploads/2026/05/sunlit-solar-slate-roof-edge-finish-beijing.webp,2574,Sleek edge finish of the Sunlit solar slate roof on a high-end Beijing residential project.
/images/projects/beijing-new-world-lizun/sunlit-solar-tiles-neighborhood-integration.webp,public/images/projects/beijing-new-world-lizun/sunlit-solar-tiles-neighborhood-integration.webp,sunlit-solar-tiles-neighborhood-integration.webp,astro_asset_without_exact_wordpress_filename_match,,,,
/images/projects/beijing-poly-longshang-luxury-villa-bipv-integration-on-complex-roof-geometry/sunlit-bipv-solar-roof-underlayment-installation.webp,public/images/projects/beijing-poly-longshang-luxury-villa-bipv-integration-on-complex-roof-geometry/sunlit-bipv-solar-roof-underlayment-installation.webp,sunlit-bipv-solar-roof-underlayment-installation.webp,legacy_alt_inherited,2026/05/sunlit-bipv-solar-roof-underlayment-installation.webp,https://www.sunlitsolarroof.com/wp-content/uploads/2026/05/sunlit-bipv-solar-roof-underlayment-installation.webp,2576,Installation process of the BIPV solar roof showing the specialized mounting battens and waterproof underlayment.
/images/projects/beijing-poly-longshang-luxury-villa-bipv-integration-on-complex-roof-geometry/sunlit-lumina-slate-bipv-solar-roof-beijing-exterior.webp,public/images/projects/beijing-poly-longshang-luxury-villa-bipv-integration-on-complex-roof-geometry/sunlit-lumina-slate-bipv-solar-roof-beijing-exterior.webp,sunlit-lumina-slate-bipv-solar-roof-beijing-exterior.webp,legacy_alt_inherited,2026/05/sunlit-lumina-slate-bipv-solar-roof-beijing-exterior.webp,https://www.sunlitsolarroof.com/wp-content/uploads/2026/05/sunlit-lumina-slate-bipv-solar-roof-beijing-exterior.webp,2577,Exterior view of a luxury villa in Beijing featuring the Sunlit Lumina Slate invisible BIPV solar roof.
/images/projects/beijing-poly-longshang-luxury-villa-bipv-integration-on-complex-roof-geometry/sunlit-solar-roof-mounting-structure-details.webp,public/images/projects/beijing-poly-longshang-luxury-villa-bipv-integration-on-complex-roof-geometry/sunlit-solar-roof-mounting-structure-details.webp,sunlit-solar-roof-mounting-structure-details.webp,legacy_alt_inherited,2026/05/sunlit-solar-roof-mounting-structure-details.webp,https://www.sunlitsolarroof.com/wp-content/uploads/2026/05/sunlit-solar-roof-mounting-structure-details.webp,2578,Exposed roof structure showing the aluminum batten framing for the Lumina Slate BIPV system.
/images/projects/beijing-poly-longshang-luxury-villa-bipv-integration-on-complex-roof-geometry/sunlit-solar-roof-tiles-beijing-poly-details-1.webp,public/images/projects/beijing-poly-longshang-luxury-villa-bipv-integration-on-complex-roof-geometry/sunlit-solar-roof-tiles-beijing-poly-details-1.webp,sunlit-solar-roof-tiles-beijing-poly-details-1.webp,legacy_alt_inherited,2026/05/sunlit-solar-roof-tiles-beijing-poly-details-1.webp,https://www.sunlitsolarroof.com/wp-content/uploads/2026/05/sunlit-solar-roof-tiles-beijing-poly-details-1.webp,2579,Close-up details of the seamless multi-hip roof installation using Lumina Slate solar tiles.
/images/projects/beijing-poly-longshang-luxury-villa-bipv-integration-on-complex-roof-geometry/sunlit-solar-roof-tiles-beijing-poly-details-2.webp,public/images/projects/beijing-poly-longshang-luxury-villa-bipv-integration-on-complex-roof-geometry/sunlit-solar-roof-tiles-beijing-poly-details-2.webp,sunlit-solar-roof-tiles-beijing-poly-details-2.webp,legacy_alt_inherited,2026/05/sunlit-solar-roof-tiles-beijing-poly-details-2.webp,https://www.sunlitsolarroof.com/wp-content/uploads/2026/05/sunlit-solar-roof-tiles-beijing-poly-details-2.webp,2580,Close-up view of the roof installation using Lumina Slate solar tiles solution.
/images/projects/beijing-poly-longshang-luxury-villa-bipv-integration-on-complex-roof-geometry/sunlit-solar-slate-ridge-sealing-beijing.webp,public/images/projects/beijing-poly-longshang-luxury-villa-bipv-integration-on-complex-roof-geometry/sunlit-solar-slate-ridge-sealing-beijing.webp,sunlit-solar-slate-ridge-sealing-beijing.webp,legacy_alt_inherited,2026/05/sunlit-solar-slate-ridge-sealing-beijing.webp,https://www.sunlitsolarroof.com/wp-content/uploads/2026/05/sunlit-solar-slate-ridge-sealing-beijing.webp,2581,Waterproof ridge sealing and edge-to-edge modular fitting of Sunlit solar slate.
/images/projects/beijing-poly-longshang-luxury-villa-bipv-integration-on-complex-roof-geometry/sunlit-solar-tiles-skylight-integration-beijing.webp,public/images/projects/beijing-poly-longshang-luxury-villa-bipv-integration-on-complex-roof-geometry/sunlit-solar-tiles-skylight-integration-beijing.webp,sunlit-solar-tiles-skylight-integration-beijing.webp,legacy_alt_inherited,2026/05/sunlit-solar-tiles-skylight-integration-beijing.webp,https://www.sunlitsolarroof.com/wp-content/uploads/2026/05/sunlit-solar-tiles-skylight-integration-beijing.webp,2582,Workers installing Lumina Slate solar tiles seamlessly around existing roof skylights.
/images/projects/beijing-tanxiangshan-villa/sunlit-bipv-solar-roof-staggered-layout-beijing.webp,public/images/projects/beijing-tanxiangshan-villa/sunlit-bipv-solar-roof-staggered-layout-beijing.webp,sunlit-bipv-solar-roof-staggered-layout-beijing.webp,astro_asset_without_exact_wordpress_filename_match,,,,
/images/projects/beijing-tanxiangshan-villa/sunlit-lumina-slate-bipv-roof-vs-traditional-tiles.webp,public/images/projects/beijing-tanxiangshan-villa/sunlit-lumina-slate-bipv-roof-vs-traditional-tiles.webp,sunlit-lumina-slate-bipv-roof-vs-traditional-tiles.webp,astro_asset_without_exact_wordpress_filename_match,,,,
/images/projects/beijing-tanxiangshan-villa/sunlit-solar-roof-tiles-wiring-installation-1.webp,public/images/projects/beijing-tanxiangshan-villa/sunlit-solar-roof-tiles-wiring-installation-1.webp,sunlit-solar-roof-tiles-wiring-installation-1.webp,astro_asset_without_exact_wordpress_filename_match,,,,
/images/projects/beijing-tanxiangshan-villa/sunlit-solar-slate-ridge-capping-skylight.webp,public/images/projects/beijing-tanxiangshan-villa/sunlit-solar-slate-ridge-capping-skylight.webp,sunlit-solar-slate-ridge-capping-skylight.webp,legacy_alt_inherited,2026/05/sunlit-solar-slate-ridge-capping-skylight.webp,https://www.sunlitsolarroof.com/wp-content/uploads/2026/05/sunlit-solar-slate-ridge-capping-skylight.webp,2586,Close-up of the DC wiring and structural battens before the final solar tiles are locked into place.
/images/projects/beijing-tanxiangshan-villa/unlit-solar-roof-tiles-wiring-installation-2.webp,public/images/projects/beijing-tanxiangshan-villa/unlit-solar-roof-tiles-wiring-installation-2.webp,unlit-solar-roof-tiles-wiring-installation-2.webp,astro_asset_without_exact_wordpress_filename_match,,,,
/images/projects/custom-red-bipv-solutions/colored-bipv-red-solar-roof-top-down.webp,public/images/projects/custom-red-bipv-solutions/colored-bipv-red-solar-roof-top-down.webp,colored-bipv-red-solar-roof-top-down.webp,legacy_alt_inherited,2026/05/colored-bipv-red-solar-roof-top-down.webp,https://www.sunlitsolarroof.com/wp-content/uploads/2026/05/colored-bipv-red-solar-roof-top-down.webp,2719,"Top-down aerial view of a custom red BIPV roof, seamlessly blending active solar tiles with color-matched inactive roofing."
/images/projects/custom-red-bipv-solutions/custom-red-solar-panels-close-up.webp,public/images/projects/custom-red-bipv-solutions/custom-red-solar-panels-close-up.webp,custom-red-solar-panels-close-up.webp,legacy_alt_inherited,2026/05/custom-red-solar-panels-close-up.webp,https://www.sunlitsolarroof.com/wp-content/uploads/2026/05/custom-red-solar-panels-close-up.webp,2720,Close-up view of the custom terracotta-colored solar panels and matching non-active tiles designed for heritage roofs.
/images/projects/custom-red-bipv-solutions/heritage-style-red-solar-roofs-forest.webp,public/images/projects/custom-red-bipv-solutions/heritage-style-red-solar-roofs-forest.webp,heritage-style-red-solar-roofs-forest.webp,legacy_alt_inherited,2026/05/heritage-style-red-solar-roofs-forest.webp,https://www.sunlitsolarroof.com/wp-content/uploads/2026/05/heritage-style-red-solar-roofs-forest.webp,2721,Wide aerial shot of a forest resort featuring vibrant red solar roofs that strictly respect traditional architectural aesthetics.
/images/projects/custom-red-bipv-solutions/integrated-red-solar-tiles-aerial.webp,public/images/projects/custom-red-bipv-solutions/integrated-red-solar-tiles-aerial.webp,integrated-red-solar-tiles-aerial.webp,legacy_alt_inherited,2026/05/integrated-red-solar-tiles-aerial.webp,https://www.sunlitsolarroof.com/wp-content/uploads/2026/05/integrated-red-solar-tiles-aerial.webp,2722,Close-up aerial view showing the precise integration of red solar tiles and ventilation systems on a complex roof structure.
/images/projects/hangzhou-eco-tech-building/sunlit-bipv-roof-tiles-t-shape-intersection.webp,public/images/projects/hangzhou-eco-tech-building/sunlit-bipv-roof-tiles-t-shape-intersection.webp,sunlit-bipv-roof-tiles-t-shape-intersection.webp,legacy_alt_inherited,2026/05/sunlit-bipv-roof-tiles-t-shape-intersection.webp,https://www.sunlitsolarroof.com/wp-content/uploads/2026/05/sunlit-bipv-roof-tiles-t-shape-intersection.webp,2588,Aerial top-down view showing the precise T-shape intersection of the BIPV roof tiles on the tech demo building.
/images/projects/hangzhou-eco-tech-building/sunlit-bipv-solar-roof-eco-building-hangzhou.webp,public/images/projects/hangzhou-eco-tech-building/sunlit-bipv-solar-roof-eco-building-hangzhou.webp,sunlit-bipv-solar-roof-eco-building-hangzhou.webp,legacy_alt_inherited,2026/05/sunlit-bipv-solar-roof-eco-building-hangzhou.webp,https://www.sunlitsolarroof.com/wp-content/uploads/2026/05/sunlit-bipv-solar-roof-eco-building-hangzhou.webp,2589,Aerial perspective of the Hangzhou eco-friendly tech building featuring a comprehensive BIPV solar roof.
/images/projects/hangzhou-eco-tech-building/sunlit-invisible-solar-roofing-commercial-project.webp,public/images/projects/hangzhou-eco-tech-building/sunlit-invisible-solar-roofing-commercial-project.webp,sunlit-invisible-solar-roofing-commercial-project.webp,legacy_alt_inherited,2026/05/sunlit-invisible-solar-roofing-commercial-project.webp,https://www.sunlitsolarroof.com/wp-content/uploads/2026/05/sunlit-invisible-solar-roofing-commercial-project.webp,2590,Elevated street view of the commercial tech building showcasing the seamless invisible solar roofing design.
/images/projects/hangzhou-eco-tech-building/sunlit-solar-roof-skylight-integration-hangzhou.webp,public/images/projects/hangzhou-eco-tech-building/sunlit-solar-roof-skylight-integration-hangzhou.webp,sunlit-solar-roof-skylight-integration-hangzhou.webp,legacy_alt_inherited,2026/05/sunlit-solar-roof-skylight-integration-hangzhou.webp,https://www.sunlitsolarroof.com/wp-content/uploads/2026/05/sunlit-solar-roof-skylight-integration-hangzhou.webp,2591,High-angle view highlighting the flush integration of large skylights within the solar roof system.
/images/projects/hangzhou-eco-tech-building/sunlit-solar-slate-wood-structure-integration.webp,public/images/projects/hangzhou-eco-tech-building/sunlit-solar-slate-wood-structure-integration.webp,sunlit-solar-slate-wood-structure-integration.webp,legacy_alt_inherited,2026/05/sunlit-solar-slate-wood-structure-integration.webp,https://www.sunlitsolarroof.com/wp-content/uploads/2026/05/sunlit-solar-slate-wood-structure-integration.webp,2592,"Front facade of the timber structure building, perfectly complemented by the modern Sunlit solar slate roof."
/images/projects/hangzhou-eco-tech-building/sunlit-solar-tiles-steep-pitch-roof-application.webp,public/images/projects/hangzhou-eco-tech-building/sunlit-solar-tiles-steep-pitch-roof-application.webp,sunlit-solar-tiles-steep-pitch-roof-application.webp,legacy_alt_inherited,2026/05/sunlit-solar-tiles-steep-pitch-roof-application.webp,https://www.sunlitsolarroof.com/wp-content/uploads/2026/05/sunlit-solar-tiles-steep-pitch-roof-application.webp,2593,"Close-up of the ultra-steep pitched tower roof successfully clad in Sunlit solar tiles, demonstrating secure installation."
/images/projects/hangzhou-jiuxi-rose-garden/sunlit-bipv-solar-roof-european-mansion-jiuxi.webp,public/images/projects/hangzhou-jiuxi-rose-garden/sunlit-bipv-solar-roof-european-mansion-jiuxi.webp,sunlit-bipv-solar-roof-european-mansion-jiuxi.webp,legacy_alt_inherited,2026/05/sunlit-bipv-solar-roof-european-mansion-jiuxi.webp,https://www.sunlitsolarroof.com/wp-content/uploads/2026/05/sunlit-bipv-solar-roof-european-mansion-jiuxi.webp,2594,"Front view of a luxurious European-style mansion in Jiuxi Rose Garden, equipped with a seamless Sunlit BIPV solar roof."
/images/projects/hangzhou-jiuxi-rose-garden/sunlit-invisible-solar-slate-luxury-estate-exterior.webp,public/images/projects/hangzhou-jiuxi-rose-garden/sunlit-invisible-solar-slate-luxury-estate-exterior.webp,sunlit-invisible-solar-slate-luxury-estate-exterior.webp,legacy_alt_inherited,2026/05/sunlit-invisible-solar-slate-luxury-estate-exterior.webp,https://www.sunlitsolarroof.com/wp-content/uploads/2026/05/sunlit-invisible-solar-slate-luxury-estate-exterior.webp,2595,"Wide exterior view of an ultra-luxury estate featuring a pristine lawn and a modern, invisible solar slate roof."
/images/projects/hangzhou-xianghu-arcadia-villa/sunlit-aesthetic-bipv-solar-roof-framed-by-trees.webp,public/images/projects/hangzhou-xianghu-arcadia-villa/sunlit-aesthetic-bipv-solar-roof-framed-by-trees.webp,sunlit-aesthetic-bipv-solar-roof-framed-by-trees.webp,legacy_alt_inherited,2026/05/sunlit-aesthetic-bipv-solar-roof-framed-by-trees.webp,https://www.sunlitsolarroof.com/wp-content/uploads/2026/05/sunlit-aesthetic-bipv-solar-roof-framed-by-trees.webp,2596,"The aesthetic Sunlit BIPV solar roof of a luxury residence, beautifully framed by tree leaves, demonstrating nature harmony."
/images/projects/hangzhou-xianghu-arcadia-villa/sunlit-bipv-roof-dormer-window-integration-details.webp,public/images/projects/hangzhou-xianghu-arcadia-villa/sunlit-bipv-roof-dormer-window-integration-details.webp,sunlit-bipv-roof-dormer-window-integration-details.webp,legacy_alt_inherited,2026/05/sunlit-bipv-roof-dormer-window-integration-details.webp,https://www.sunlitsolarroof.com/wp-content/uploads/2026/05/sunlit-bipv-roof-dormer-window-integration-details.webp,2597,Wide aerial view of luxury villas in Hangzhou Xianghu featuring comprehensive Sunlit BIPV solar roofs integrated with the green landscape.
/images/projects/hangzhou-xianghu-arcadia-villa/sunlit-bipv-roof-flush-skylight-details.webp,public/images/projects/hangzhou-xianghu-arcadia-villa/sunlit-bipv-roof-flush-skylight-details.webp,sunlit-bipv-roof-flush-skylight-details.webp,legacy_alt_inherited,2026/05/sunlit-bipv-roof-flush-skylight-details.webp,https://www.sunlitsolarroof.com/wp-content/uploads/2026/05/sunlit-bipv-roof-flush-skylight-details.webp,2598,A picturesque view of a villa with Sunlit BIPV roof harmonizing with the scenic Xianghu mountains and a bird in flight.
/images/projects/hangzhou-xianghu-arcadia-villa/sunlit-bipv-roof-scenic-harmony-xianghu-mountains.webp,public/images/projects/hangzhou-xianghu-arcadia-villa/sunlit-bipv-roof-scenic-harmony-xianghu-mountains.webp,sunlit-bipv-roof-scenic-harmony-xianghu-mountains.webp,legacy_alt_inherited,2026/05/sunlit-bipv-roof-scenic-harmony-xianghu-mountains.webp,https://www.sunlitsolarroof.com/wp-content/uploads/2026/05/sunlit-bipv-roof-scenic-harmony-xianghu-mountains.webp,2599,Low-angle close-up of Sunlit BIPV roof tiles fitting seamlessly around a classic dormer window under a dramatic sky.
/images/projects/hangzhou-xianghu-arcadia-villa/sunlit-bipv-solar-roof-aerial-view-hangzhou-xianghu.webp,public/images/projects/hangzhou-xianghu-arcadia-villa/sunlit-bipv-solar-roof-aerial-view-hangzhou-xianghu.webp,sunlit-bipv-solar-roof-aerial-view-hangzhou-xianghu.webp,legacy_alt_inherited,2026/05/sunlit-bipv-solar-roof-aerial-view-hangzhou-xianghu.webp,https://www.sunlitsolarroof.com/wp-content/uploads/2026/05/sunlit-bipv-solar-roof-aerial-view-hangzhou-xianghu.webp,2600,Detailed close-up of the watertight flashing and flush integration of a skylight cluster within the solar slate roof.
/images/projects/hangzhou-xianghu-arcadia-villa/sunlit-completed-solar-tile-roof-xianghu-villa.webp,public/images/projects/hangzhou-xianghu-arcadia-villa/sunlit-completed-solar-tile-roof-xianghu-villa.webp,sunlit-completed-solar-tile-roof-xianghu-villa.webp,legacy_alt_inherited,2026/05/sunlit-completed-solar-tile-roof-xianghu-villa.webp,https://www.sunlitsolarroof.com/wp-content/uploads/2026/05/sunlit-completed-solar-tile-roof-xianghu-villa.webp,2601,"Aerial perspective of the completed, sleek Sunlit solar tile roof on a grey brick villa in Xianghu Arcadia."
/images/projects/hangzhou-xianghu-arcadia-villa/sunlit-solar-roof-tiles-detail-decorative-vent.webp,public/images/projects/hangzhou-xianghu-arcadia-villa/sunlit-solar-roof-tiles-detail-decorative-vent.webp,sunlit-solar-roof-tiles-detail-decorative-vent.webp,legacy_alt_inherited,2026/05/sunlit-solar-roof-tiles-detail-decorative-vent.webp,https://www.sunlitsolarroof.com/wp-content/uploads/2026/05/sunlit-solar-roof-tiles-detail-decorative-vent.webp,2602,Aerial view focusing on the precise integration of large skylights within the Sunlit solar slate roof system.
/images/projects/hangzhou-xianghu-arcadia-villa/sunlit-solar-slate-installed-texture-close-up.webp,public/images/projects/hangzhou-xianghu-arcadia-villa/sunlit-solar-slate-installed-texture-close-up.webp,sunlit-solar-slate-installed-texture-close-up.webp,legacy_alt_inherited,2026/05/sunlit-solar-slate-installed-texture-close-up.webp,https://www.sunlitsolarroof.com/wp-content/uploads/2026/05/sunlit-solar-slate-installed-texture-close-up.webp,2603,Macro close-up showcasing the fine texture and interlocking details of the installed Sunlit solar slates.
/images/projects/hangzhou-xianghu-arcadia-villa/sunlit-solar-slate-roof-tiles-xianghu-details.webp,public/images/projects/hangzhou-xianghu-arcadia-villa/sunlit-solar-slate-roof-tiles-xianghu-details.webp,sunlit-solar-slate-roof-tiles-xianghu-details.webp,legacy_alt_inherited,2026/05/sunlit-solar-slate-roof-tiles-xianghu-details.webp,https://www.sunlitsolarroof.com/wp-content/uploads/2026/05/sunlit-solar-slate-roof-tiles-xianghu-details.webp,2604,Close-up details of the seamless edge finish of Lumina Slate roof tiles on a traditional grey brick villa.
/images/projects/hangzhou-xianghu-arcadia-villa/sunlit-solar-slate-skylight-integration-aerial.webp,public/images/projects/hangzhou-xianghu-arcadia-villa/sunlit-solar-slate-skylight-integration-aerial.webp,sunlit-solar-slate-skylight-integration-aerial.webp,legacy_alt_inherited,2026/05/sunlit-solar-slate-skylight-integration-aerial.webp,https://www.sunlitsolarroof.com/wp-content/uploads/2026/05/sunlit-solar-slate-skylight-integration-aerial.webp,2605,Detailed view of Sunlit solar roof tiles fitting around a traditional cross-shaped decorative roof vent.
/images/projects/hangzhou-yunxi-diegu-villa/sunlit-bipv-solar-roof-luxury-villa-hangzhou.webp,public/images/projects/hangzhou-yunxi-diegu-villa/sunlit-bipv-solar-roof-luxury-villa-hangzhou.webp,sunlit-bipv-solar-roof-luxury-villa-hangzhou.webp,legacy_alt_inherited,2026/05/sunlit-bipv-solar-roof-luxury-villa-hangzhou.webp,https://www.sunlitsolarroof.com/wp-content/uploads/2026/05/sunlit-bipv-solar-roof-luxury-villa-hangzhou.webp,2606,"Wide shot of a luxury villa in Hangzhou Yunxi Diegu, featuring the newly installed Sunlit BIPV solar roof surrounded by lush greenery."
/images/projects/hangzhou-yunxi-diegu-villa/sunlit-invisible-solar-roof-installation-residential.webp,public/images/projects/hangzhou-yunxi-diegu-villa/sunlit-invisible-solar-roof-installation-residential.webp,sunlit-invisible-solar-roof-installation-residential.webp,legacy_alt_inherited,2026/05/sunlit-invisible-solar-roof-installation-residential.webp,https://www.sunlitsolarroof.com/wp-content/uploads/2026/05/sunlit-invisible-solar-roof-installation-residential.webp,2607,"Close-up of the invisible solar roof installation on a residential building, showing sleek edge finishes and architectural integration."
/images/projects/hangzhou-yunxi-diegu-villa/sunlit-solar-slate-multi-hip-roof-design.webp,public/images/projects/hangzhou-yunxi-diegu-villa/sunlit-solar-slate-multi-hip-roof-design.webp,sunlit-solar-slate-multi-hip-roof-design.webp,legacy_alt_inherited,2026/05/sunlit-solar-slate-multi-hip-roof-design.webp,https://www.sunlitsolarroof.com/wp-content/uploads/2026/05/sunlit-solar-slate-multi-hip-roof-design.webp,2608,"View of the completed Sunlit solar slate roof, showcasing its flawless adaptation to a complex multi-hip architectural design and discreet vents."
/images/projects/jiaxing-boutique-homestay/sunlit-bipv-solar-roof-homestay-jiaxing.webp,public/images/projects/jiaxing-boutique-homestay/sunlit-bipv-solar-roof-homestay-jiaxing.webp,sunlit-bipv-solar-roof-homestay-jiaxing.webp,legacy_alt_inherited,2026/05/sunlit-bipv-solar-roof-homestay-jiaxing.webp,https://www.sunlitsolarroof.com/wp-content/uploads/2026/05/sunlit-bipv-solar-roof-homestay-jiaxing.webp,2609,"Wide view of a boutique homestay in Jiaxing featuring a modern Sunlit BIPV solar roof, contrasting with traditional green tile roofs in the background."
/images/projects/jiaxing-boutique-homestay/sunlit-invisible-solar-slate-sleek-surface.webp,public/images/projects/jiaxing-boutique-homestay/sunlit-invisible-solar-slate-sleek-surface.webp,sunlit-invisible-solar-slate-sleek-surface.webp,legacy_alt_inherited,2026/05/sunlit-invisible-solar-slate-sleek-surface.webp,https://www.sunlitsolarroof.com/wp-content/uploads/2026/05/sunlit-invisible-solar-slate-sleek-surface.webp,2610,"Low-angle view showcasing the sleek, continuous surface and premium aesthetic of the Lumina Slate invisible solar roof."
/images/projects/jiaxing-boutique-homestay/sunlit-solar-roof-valley-flashing-details.webp,public/images/projects/jiaxing-boutique-homestay/sunlit-solar-roof-valley-flashing-details.webp,sunlit-solar-roof-valley-flashing-details.webp,legacy_alt_inherited,2026/05/sunlit-solar-roof-valley-flashing-details.webp,https://www.sunlitsolarroof.com/wp-content/uploads/2026/05/sunlit-solar-roof-valley-flashing-details.webp,2615,"Detailed view of the precision valley flashing on the solar roof, ensuring perfect waterproofing for intersecting slopes."
/images/projects/jiaxing-boutique-homestay/sunlit-solar-tiles-clean-energy-guesthouse.webp,public/images/projects/jiaxing-boutique-homestay/sunlit-solar-tiles-clean-energy-guesthouse.webp,sunlit-solar-tiles-clean-energy-guesthouse.webp,legacy_alt_inherited,2026/05/sunlit-solar-tiles-clean-energy-guesthouse.webp,https://www.sunlitsolarroof.com/wp-content/uploads/2026/05/sunlit-solar-tiles-clean-energy-guesthouse.webp,2611,"A pristine expanse of Sunlit solar tiles installed on a guesthouse, providing clean energy without compromising architectural beauty."
/images/projects/large-scale-commercial-complex/storm-guard-bipv-extreme-weather-water-shedding.webp,public/images/projects/large-scale-commercial-complex/storm-guard-bipv-extreme-weather-water-shedding.webp,storm-guard-bipv-extreme-weather-water-shedding.webp,legacy_alt_inherited,2026/05/storm-guard-bipv-extreme-weather-water-shedding.webp,https://www.sunlitsolarroof.com/wp-content/uploads/2026/05/storm-guard-bipv-extreme-weather-water-shedding.webp,2685,Demonstration of the Storm Guard solar roof efficiently shedding massive amounts of water during extreme torrential rain.
/images/projects/large-scale-commercial-complex/storm-guard-heavy-duty-solar-tiles-commercial-scale.webp,public/images/projects/large-scale-commercial-complex/storm-guard-heavy-duty-solar-tiles-commercial-scale.webp,storm-guard-heavy-duty-solar-tiles-commercial-scale.webp,legacy_alt_inherited,2026/05/storm-guard-heavy-duty-solar-tiles-commercial-scale.webp,https://www.sunlitsolarroof.com/wp-content/uploads/2026/05/storm-guard-heavy-duty-solar-tiles-commercial-scale.webp,2686,Detailed aerial view of heavy-duty Storm Guard solar tiles seamlessly integrated into a massive commercial building complex.
/images/projects/large-scale-commercial-complex/storm-guard-hurricane-resistant-solar-roof-construction-scaled.webp,public/images/projects/large-scale-commercial-complex/storm-guard-hurricane-resistant-solar-roof-construction-scaled.webp,storm-guard-hurricane-resistant-solar-roof-construction-scaled.webp,legacy_alt_inherited,2026/05/storm-guard-hurricane-resistant-solar-roof-construction-scaled.webp,https://www.sunlitsolarroof.com/wp-content/uploads/2026/05/storm-guard-hurricane-resistant-solar-roof-construction-scaled.webp,2687,Wide drone shot of a large-scale commercial site installing a hurricane-resistant Storm Guard solar roof system.
/images/projects/large-scale-commercial-complex/storm-guard-large-scale-bipv-integration-aerial-scaled.webp,public/images/projects/large-scale-commercial-complex/storm-guard-large-scale-bipv-integration-aerial-scaled.webp,storm-guard-large-scale-bipv-integration-aerial-scaled.webp,legacy_alt_inherited,2026/05/storm-guard-large-scale-bipv-integration-aerial-scaled.webp,https://www.sunlitsolarroof.com/wp-content/uploads/2026/05/storm-guard-large-scale-bipv-integration-aerial-scaled.webp,2688,High-angle view showcasing the extensive coverage and impact-resistant design of the Storm Guard commercial solar roof.
/images/projects/modern-minimalist-residence/bipv-flush-mount-solar-roof-surface.webp,public/images/projects/modern-minimalist-residence/bipv-flush-mount-solar-roof-surface.webp,bipv-flush-mount-solar-roof-surface.webp,legacy_alt_inherited,2026/05/bipv-flush-mount-solar-roof-surface.webp,https://www.sunlitsolarroof.com/wp-content/uploads/2026/05/bipv-flush-mount-solar-roof-surface.webp,2723,"Close-up of the ultra-flat, highly reflective surface of the flush-mount BIPV solar roof, reflecting the sky."
/images/projects/modern-minimalist-residence/modern-solar-roof-edge-integration-detail.webp,public/images/projects/modern-minimalist-residence/modern-solar-roof-edge-integration-detail.webp,modern-solar-roof-edge-integration-detail.webp,legacy_alt_inherited,2026/05/modern-solar-roof-edge-integration-detail.webp,https://www.sunlitsolarroof.com/wp-content/uploads/2026/05/modern-solar-roof-edge-integration-detail.webp,2724,Detailed view of the sleek edge integration and waterproof flashing on the modern horizontal solar roof.
/images/projects/modern-minimalist-residence/seamless-horizontal-solar-roof-aerial.webp,public/images/projects/modern-minimalist-residence/seamless-horizontal-solar-roof-aerial.webp,seamless-horizontal-solar-roof-aerial.webp,legacy_alt_inherited,2026/05/seamless-horizontal-solar-roof-aerial.webp,https://www.sunlitsolarroof.com/wp-content/uploads/2026/05/seamless-horizontal-solar-roof-aerial.webp,2725,"Aerial perspective of a modern residence featuring a seamless, horizontal-layout integrated solar roof."
/images/projects/modern-minimalist-residence/sleek-solar-tiles-roof-ridge-finish.webp,public/images/projects/modern-minimalist-residence/sleek-solar-tiles-roof-ridge-finish.webp,sleek-solar-tiles-roof-ridge-finish.webp,legacy_alt_inherited,2026/05/sleek-solar-tiles-roof-ridge-finish.webp,https://www.sunlitsolarroof.com/wp-content/uploads/2026/05/sleek-solar-tiles-roof-ridge-finish.webp,2726,Clean architectural lines and a perfectly smooth finish at the roof ridge using modern interlocking solar tiles.
/images/projects/modern-minimalist-residence/ultra-flat-bipv-roofing-system-skyline.webp,public/images/projects/modern-minimalist-residence/ultra-flat-bipv-roofing-system-skyline.webp,ultra-flat-bipv-roofing-system-skyline.webp,legacy_alt_inherited,2026/05/ultra-flat-bipv-roofing-system-skyline.webp,https://www.sunlitsolarroof.com/wp-content/uploads/2026/05/ultra-flat-bipv-roofing-system-skyline.webp,2727,"Angled shot demonstrating the perfectly flush, uninterrupted dark plane of the modern BIPV roofing system."
/images/projects/nanjing-nanshan-lake/sunlit-bipv-roof-gable-edge-finish.webp,public/images/projects/nanjing-nanshan-lake/sunlit-bipv-roof-gable-edge-finish.webp,sunlit-bipv-roof-gable-edge-finish.webp,legacy_alt_inherited,2026/05/sunlit-bipv-roof-gable-edge-finish.webp,https://www.sunlitsolarroof.com/wp-content/uploads/2026/05/sunlit-bipv-roof-gable-edge-finish.webp,2612,"Close-up of the clean gable edge finish of the Sunlit BIPV roof against the sky, showing precise architectural lines."
/images/projects/nanjing-nanshan-lake/sunlit-invisible-solar-tiles-nature-foreground.webp,public/images/projects/nanjing-nanshan-lake/sunlit-invisible-solar-tiles-nature-foreground.webp,sunlit-invisible-solar-tiles-nature-foreground.webp,legacy_alt_inherited,2026/05/sunlit-invisible-solar-tiles-nature-foreground.webp,https://www.sunlitsolarroof.com/wp-content/uploads/2026/05/sunlit-invisible-solar-tiles-nature-foreground.webp,2613,Sleek invisible solar tiles blending quietly with the natural surroundings of the Nanshan Lake resort.
/images/projects/nanjing-nanshan-lake/sunlit-lumina-slate-surface-water-droplets.webp,public/images/projects/nanjing-nanshan-lake/sunlit-lumina-slate-surface-water-droplets.webp,sunlit-lumina-slate-surface-water-droplets.webp,legacy_alt_inherited,2026/05/sunlit-lumina-slate-surface-water-droplets.webp,https://www.sunlitsolarroof.com/wp-content/uploads/2026/05/sunlit-lumina-slate-surface-water-droplets.webp,2614,"Low-angle view of the Lumina Slate solar roof surface, highlighting its excellent water-shedding properties."
/images/projects/nanjing-nanshan-lake/sunlit-solar-roof-valley-flashing-details.webp,public/images/projects/nanjing-nanshan-lake/sunlit-solar-roof-valley-flashing-details.webp,sunlit-solar-roof-valley-flashing-details.webp,legacy_alt_inherited,2026/05/sunlit-solar-roof-valley-flashing-details.webp,https://www.sunlitsolarroof.com/wp-content/uploads/2026/05/sunlit-solar-roof-valley-flashing-details.webp,2615,"Detailed view of the precision valley flashing on the solar roof, ensuring perfect waterproofing for intersecting slopes."
/images/projects/nanjing-nanshan-lake/sunlit-solar-roof-villa-chimney-integration.webp,public/images/projects/nanjing-nanshan-lake/sunlit-solar-roof-villa-chimney-integration.webp,sunlit-solar-roof-villa-chimney-integration.webp,legacy_alt_inherited,2026/05/sunlit-solar-roof-villa-chimney-integration.webp,https://www.sunlitsolarroof.com/wp-content/uploads/2026/05/sunlit-solar-roof-villa-chimney-integration.webp,2616,High-angle view showcasing the seamless integration of the solar roof around a traditional red brick chimney.
/images/projects/nanjing-nanshan-lake/sunlit-solar-roof-yellow-resort-villa-aerial.webp,public/images/projects/nanjing-nanshan-lake/sunlit-solar-roof-yellow-resort-villa-aerial.webp,sunlit-solar-roof-yellow-resort-villa-aerial.webp,legacy_alt_inherited,2026/05/sunlit-solar-roof-yellow-resort-villa-aerial.webp,https://www.sunlitsolarroof.com/wp-content/uploads/2026/05/sunlit-solar-roof-yellow-resort-villa-aerial.webp,2617,"Aerial view of a vibrant yellow resort villa in Nanjing Nanshan Lake, beautifully topped with a modern dark solar roof."
/images/projects/nanjing-nanshan-lake/sunlit-solar-slate-interlocking-texture.webp,public/images/projects/nanjing-nanshan-lake/sunlit-solar-slate-interlocking-texture.webp,sunlit-solar-slate-interlocking-texture.webp,legacy_alt_inherited,2026/05/sunlit-solar-slate-interlocking-texture.webp,https://www.sunlitsolarroof.com/wp-content/uploads/2026/05/sunlit-solar-slate-interlocking-texture.webp,2618,"Macro shot of the interlocking texture of Sunlit solar slates, demonstrating robust weather resistance."
/images/projects/nanjing-nanshan-lake/sunlit-solar-tiles-flat-roof-transition.webp,public/images/projects/nanjing-nanshan-lake/sunlit-solar-tiles-flat-roof-transition.webp,sunlit-solar-tiles-flat-roof-transition.webp,legacy_alt_inherited,2026/05/sunlit-solar-tiles-flat-roof-transition.webp,https://www.sunlitsolarroof.com/wp-content/uploads/2026/05/sunlit-solar-tiles-flat-roof-transition.webp,2619,Clean transition of the solar tile installation along the roof edge of the holiday villa.
/images/projects/nanjing-shanshui-huamen-villa-custom-solar-integration-on-complex-rooflines/sunlit-bipv-roof-ridge-capping-system.webp,public/images/projects/nanjing-shanshui-huamen-villa-custom-solar-integration-on-complex-rooflines/sunlit-bipv-roof-ridge-capping-system.webp,sunlit-bipv-roof-ridge-capping-system.webp,legacy_alt_inherited,2026/05/sunlit-bipv-roof-ridge-capping-system.webp,https://www.sunlitsolarroof.com/wp-content/uploads/2026/05/sunlit-bipv-roof-ridge-capping-system.webp,2620,Detailed look at the custom ridge capping and modular layout of the BIPV roofing system during installation.
/images/projects/nanjing-shanshui-huamen-villa-custom-solar-integration-on-complex-rooflines/sunlit-bipv-solar-roof-villa-blue-sky-nanjing.webp,public/images/projects/nanjing-shanshui-huamen-villa-custom-solar-integration-on-complex-rooflines/sunlit-bipv-solar-roof-villa-blue-sky-nanjing.webp,sunlit-bipv-solar-roof-villa-blue-sky-nanjing.webp,astro_asset_without_exact_wordpress_filename_match,,,,
/images/projects/nanjing-shanshui-huamen-villa-custom-solar-integration-on-complex-rooflines/sunlit-invisible-solar-roof-residential-facade.webp,public/images/projects/nanjing-shanshui-huamen-villa-custom-solar-integration-on-complex-rooflines/sunlit-invisible-solar-roof-residential-facade.webp,sunlit-invisible-solar-roof-residential-facade.webp,astro_asset_without_exact_wordpress_filename_match,,,,
/images/projects/nanjing-shanshui-huamen-villa-custom-solar-integration-on-complex-rooflines/sunlit-solar-roof-flashing-installation-details.webp,public/images/projects/nanjing-shanshui-huamen-villa-custom-solar-integration-on-complex-rooflines/sunlit-solar-roof-flashing-installation-details.webp,sunlit-solar-roof-flashing-installation-details.webp,legacy_alt_inherited,2026/05/sunlit-solar-roof-flashing-installation-details.webp,https://www.sunlitsolarroof.com/wp-content/uploads/2026/05/sunlit-solar-roof-flashing-installation-details.webp,2623,"Close-up of the solar roof installation process, highlighting the precision flashing and watertight edge integration."
/images/projects/nanjing-shanshui-huamen-villa-custom-solar-integration-on-complex-rooflines/sunlit-solar-slate-multi-hip-roof-dormer.webp,public/images/projects/nanjing-shanshui-huamen-villa-custom-solar-integration-on-complex-rooflines/sunlit-solar-slate-multi-hip-roof-dormer.webp,sunlit-solar-slate-multi-hip-roof-dormer.webp,legacy_alt_inherited,2026/05/sunlit-solar-slate-multi-hip-roof-dormer.webp,https://www.sunlitsolarroof.com/wp-content/uploads/2026/05/sunlit-solar-slate-multi-hip-roof-dormer.webp,2624,Detailed view of the multi-hip solar slate roof seamlessly integrating with unique triangular dormer windows.
/images/projects/nanjing-shanshui-huamen-villa-custom-solar-integration-on-complex-rooflines/sunlit-solar-tiles-greenery-integration.webp,public/images/projects/nanjing-shanshui-huamen-villa-custom-solar-integration-on-complex-rooflines/sunlit-solar-tiles-greenery-integration.webp,sunlit-solar-tiles-greenery-integration.webp,legacy_alt_inherited,2026/05/sunlit-solar-tiles-greenery-integration.webp,https://www.sunlitsolarroof.com/wp-content/uploads/2026/05/sunlit-solar-tiles-greenery-integration.webp,2625,"The dark, aesthetic Sunlit solar tiles perfectly complementing the lush green surroundings of the upscale residential community."
/images/projects/pioneer-residential-retrofit/bipv-retrofit-integration-close-up.webp,public/images/projects/pioneer-residential-retrofit/bipv-retrofit-integration-close-up.webp,bipv-retrofit-integration-close-up.webp,legacy_alt_inherited,2026/05/bipv-retrofit-integration-close-up.webp,https://www.sunlitsolarroof.com/wp-content/uploads/2026/05/bipv-retrofit-integration-close-up.webp,2728,"Close-up of an early pioneer BIPV retrofit, demonstrating the integration of solar modules with traditional roofing tiles."
/images/projects/pioneer-residential-retrofit/residential-solar-roof-water-testing.webp,public/images/projects/pioneer-residential-retrofit/residential-solar-roof-water-testing.webp,residential-solar-roof-water-testing.webp,legacy_alt_inherited,2026/05/residential-solar-roof-water-testing.webp,https://www.sunlitsolarroof.com/wp-content/uploads/2026/05/residential-solar-roof-water-testing.webp,2729,Aerial view of the residential solar roof undergoing rigorous real-world water shedding and durability tests.
/images/projects/pioneer-residential-retrofit/retrofitted-solar-roof-urban-villa.webp,public/images/projects/pioneer-residential-retrofit/retrofitted-solar-roof-urban-villa.webp,retrofitted-solar-roof-urban-villa.webp,legacy_alt_inherited,2026/05/retrofitted-solar-roof-urban-villa.webp,https://www.sunlitsolarroof.com/wp-content/uploads/2026/05/retrofitted-solar-roof-urban-villa.webp,2730,Aerial view of the residential solar roof undergoing rigorous real-world water shedding and durability tests.
/images/projects/pioneer-residential-retrofit/solar-roof-durability-water-spray-test.webp,public/images/projects/pioneer-residential-retrofit/solar-roof-durability-water-spray-test.webp,solar-roof-durability-water-spray-test.webp,legacy_alt_inherited,2026/05/solar-roof-durability-water-spray-test.webp,https://www.sunlitsolarroof.com/wp-content/uploads/2026/05/solar-roof-durability-water-spray-test.webp,2731,Demonstrating the absolute waterproof reliability of the BIPV installation under simulated heavy rain conditions.
/images/projects/pioneer-residential-retrofit/solar-roof-retrofit-panoramic-view.webp,public/images/projects/pioneer-residential-retrofit/solar-roof-retrofit-panoramic-view.webp,solar-roof-retrofit-panoramic-view.webp,legacy_alt_inherited,2026/05/solar-roof-retrofit-panoramic-view.webp,https://www.sunlitsolarroof.com/wp-content/uploads/2026/05/solar-roof-retrofit-panoramic-view.webp,2732,Panoramic view of a complex multi-slope roof successfully retrofitted with early-generation BIPV modules.
/images/projects/pioneer-residential-retrofit/solar-tile-substructure-metal-framing.webp,public/images/projects/pioneer-residential-retrofit/solar-tile-substructure-metal-framing.webp,solar-tile-substructure-metal-framing.webp,legacy_alt_inherited,2026/05/solar-tile-substructure-metal-framing.webp,https://www.sunlitsolarroof.com/wp-content/uploads/2026/05/solar-tile-substructure-metal-framing.webp,2733,Construction phase showing the robust metal batten substructure used to secure the BIPV roof retrofit.
/images/projects/premium-waterfront-estate/custom-mansion-bipv-roof-integration-aerial.webp,public/images/projects/premium-waterfront-estate/custom-mansion-bipv-roof-integration-aerial.webp,custom-mansion-bipv-roof-integration-aerial.webp,legacy_alt_inherited,2026/05/custom-mansion-bipv-roof-integration-aerial.webp,https://www.sunlitsolarroof.com/wp-content/uploads/2026/05/custom-mansion-bipv-roof-integration-aerial.webp,2734,"Aerial view of a custom luxury waterfront mansion featuring a seamlessly integrated, multi-tiered black BIPV roof."
/images/projects/premium-waterfront-estate/luxury-estate-solar-roof-architectural-harmony.webp,public/images/projects/premium-waterfront-estate/luxury-estate-solar-roof-architectural-harmony.webp,luxury-estate-solar-roof-architectural-harmony.webp,legacy_alt_inherited,2026/05/luxury-estate-solar-roof-architectural-harmony.webp,https://www.sunlitsolarroof.com/wp-content/uploads/2026/05/luxury-estate-solar-roof-architectural-harmony.webp,2735,High-angle shot showing the modern solar roof harmonizing perfectly with the premium estate and surrounding natural landscape.
/images/projects/premium-waterfront-estate/multi-tiered-solar-roof-installation-workers.webp,public/images/projects/premium-waterfront-estate/multi-tiered-solar-roof-installation-workers.webp,multi-tiered-solar-roof-installation-workers.webp,legacy_alt_inherited,2026/05/multi-tiered-solar-roof-installation-workers.webp,https://www.sunlitsolarroof.com/wp-content/uploads/2026/05/multi-tiered-solar-roof-installation-workers.webp,2736,"Workers fine-tuning the installation of solar tiles on a complex, multi-tiered luxury villa roofline."
/images/projects/premium-waterfront-estate/premium-villa-bipv-construction-phase-front.webp,public/images/projects/premium-waterfront-estate/premium-villa-bipv-construction-phase-front.webp,premium-villa-bipv-construction-phase-front.webp,legacy_alt_inherited,2026/05/premium-villa-bipv-construction-phase-front.webp,https://www.sunlitsolarroof.com/wp-content/uploads/2026/05/premium-villa-bipv-construction-phase-front.webp,2737,"Front elevation of the custom mansion during construction, showcasing the expansive and sleek modern solar roof."
/images/projects/premium-waterfront-estate/seamless-black-solar-tiles-mansion-overview.webp,public/images/projects/premium-waterfront-estate/seamless-black-solar-tiles-mansion-overview.webp,seamless-black-solar-tiles-mansion-overview.webp,legacy_alt_inherited,2026/05/seamless-black-solar-tiles-mansion-overview.webp,https://www.sunlitsolarroof.com/wp-content/uploads/2026/05/seamless-black-solar-tiles-mansion-overview.webp,2738,Overview of the flawless edge-to-edge black solar tile coverage on a high-end custom architectural estate.
/images/projects/premium-waterfront-estate/waterfront-mansion-solar-roof-under-construction.webp,public/images/projects/premium-waterfront-estate/waterfront-mansion-solar-roof-under-construction.webp,waterfront-mansion-solar-roof-under-construction.webp,legacy_alt_inherited,2026/05/waterfront-mansion-solar-roof-under-construction.webp,https://www.sunlitsolarroof.com/wp-content/uploads/2026/05/waterfront-mansion-solar-roof-under-construction.webp,2739,"Drone view of the waterfront mansion's solar roof installation in progress, highlighting custom fitting on complex slopes."
/images/projects/public-utility-infrastructure/bipv-substructure-rail-system-installation.webp,public/images/projects/public-utility-infrastructure/bipv-substructure-rail-system-installation.webp,bipv-substructure-rail-system-installation.webp,legacy_alt_inherited,2026/05/bipv-substructure-rail-system-installation.webp,https://www.sunlitsolarroof.com/wp-content/uploads/2026/05/bipv-substructure-rail-system-installation.webp,2745,Looking up the roof slope at the robust rail substructure prepared for the large-scale solar array.
/images/projects/public-utility-infrastructure/commercial-solar-roof-installation-process.webp,public/images/projects/public-utility-infrastructure/commercial-solar-roof-installation-process.webp,commercial-solar-roof-installation-process.webp,astro_asset_without_exact_wordpress_filename_match,,,,
/images/projects/public-utility-infrastructure/curved-bipv-roof-utility-infrastructure.webp,public/images/projects/public-utility-infrastructure/curved-bipv-roof-utility-infrastructure.webp,curved-bipv-roof-utility-infrastructure.webp,legacy_alt_inherited,2026/05/curved-bipv-roof-utility-infrastructure.webp,https://www.sunlitsolarroof.com/wp-content/uploads/2026/05/curved-bipv-roof-utility-infrastructure.webp,2747,Wide view of a massive curved BIPV roof installed on a public utility water treatment plant.
/images/projects/public-utility-infrastructure/industrial-solar-roof-long-perspective.webp,public/images/projects/public-utility-infrastructure/industrial-solar-roof-long-perspective.webp,industrial-solar-roof-long-perspective.webp,legacy_alt_inherited,2026/05/industrial-solar-roof-long-perspective.webp,https://www.sunlitsolarroof.com/wp-content/uploads/2026/05/industrial-solar-roof-long-perspective.webp,2748,Long perspective shot showing the precise alignment of solar panels across the vast industrial roof expanse.
/images/projects/public-utility-infrastructure/mega-watt-scale-curved-solar-roof-expanse.webp,public/images/projects/public-utility-infrastructure/mega-watt-scale-curved-solar-roof-expanse.webp,mega-watt-scale-curved-solar-roof-expanse.webp,legacy_alt_inherited,2026/05/mega-watt-scale-curved-solar-roof-expanse.webp,https://www.sunlitsolarroof.com/wp-content/uploads/2026/05/mega-watt-scale-curved-solar-roof-expanse.webp,2749,"Expansive view of the mega-watt scale curved solar roof, demonstrating massive energy generation capacity."
/images/projects/public-utility-infrastructure/non-penetrating-solar-mounting-clip-detail.webp,public/images/projects/public-utility-infrastructure/non-penetrating-solar-mounting-clip-detail.webp,non-penetrating-solar-mounting-clip-detail.webp,legacy_alt_inherited,2026/05/non-penetrating-solar-mounting-clip-detail.webp,https://www.sunlitsolarroof.com/wp-content/uploads/2026/05/non-penetrating-solar-mounting-clip-detail.webp,2750,Close-up of the specialized non-penetrating mounting clip ensuring a watertight seal for the BIPV system.
/images/projects/public-utility-infrastructure/reflective-solar-roof-surface-water-plant.webp,public/images/projects/public-utility-infrastructure/reflective-solar-roof-surface-water-plant.webp,reflective-solar-roof-surface-water-plant.webp,legacy_alt_inherited,2026/05/reflective-solar-roof-surface-water-plant.webp,https://www.sunlitsolarroof.com/wp-content/uploads/2026/05/reflective-solar-roof-surface-water-plant.webp,2751,"Sleek, reflective surface of the completed BIPV section on the large-scale water purification facility."
/images/projects/public-utility-infrastructure/solar-installation-worker-utility-scale-project.webp,public/images/projects/public-utility-infrastructure/solar-installation-worker-utility-scale-project.webp,solar-installation-worker-utility-scale-project.webp,legacy_alt_inherited,2026/05/solar-installation-worker-utility-scale-project.webp,https://www.sunlitsolarroof.com/wp-content/uploads/2026/05/solar-installation-worker-utility-scale-project.webp,2752,Worker inspecting the boundary between the installed BIPV modules and the underlying green roof substructure.
/images/projects/public-utility-infrastructure/sweeping-curve-bipv-architectural-design.webp,public/images/projects/public-utility-infrastructure/sweeping-curve-bipv-architectural-design.webp,sweeping-curve-bipv-architectural-design.webp,legacy_alt_inherited,2026/05/sweeping-curve-bipv-architectural-design.webp,https://www.sunlitsolarroof.com/wp-content/uploads/2026/05/sweeping-curve-bipv-architectural-design.webp,2753,"Sweeping architectural curve of the utility building's roof, flawlessly integrated with modern solar modules."
/images/projects/public-utility-infrastructure/wet-solar-panels-weather-resistance-test.webp,public/images/projects/public-utility-infrastructure/wet-solar-panels-weather-resistance-test.webp,wet-solar-panels-weather-resistance-test.webp,legacy_alt_inherited,2026/05/wet-solar-panels-weather-resistance-test.webp,https://www.sunlitsolarroof.com/wp-content/uploads/2026/05/wet-solar-panels-weather-resistance-test.webp,2754,"Wet solar panel surface reflecting the industrial skyline, proving excellent drainage and weather resistance."
/images/projects/shanghai-ansheng-huayuan-villa/sunlit-bipv-solar-slate-roof-ridge-close-up.webp,public/images/projects/shanghai-ansheng-huayuan-villa/sunlit-bipv-solar-slate-roof-ridge-close-up.webp,sunlit-bipv-solar-slate-roof-ridge-close-up.webp,legacy_alt_inherited,2026/05/sunlit-bipv-solar-slate-roof-ridge-close-up.webp,https://www.sunlitsolarroof.com/wp-content/uploads/2026/05/sunlit-bipv-solar-slate-roof-ridge-close-up.webp,2626,"Close-up of the Sunlit solar slate roof ridge, highlighting the sleek, seamless surface and premium waterproof finish."
/images/projects/shanghai-ansheng-huayuan-villa/sunlit-invisible-solar-roof-shanghai-villa-exterior.webp,public/images/projects/shanghai-ansheng-huayuan-villa/sunlit-invisible-solar-roof-shanghai-villa-exterior.webp,sunlit-invisible-solar-roof-shanghai-villa-exterior.webp,legacy_alt_inherited,2026/05/sunlit-invisible-solar-roof-shanghai-villa-exterior.webp,https://www.sunlitsolarroof.com/wp-content/uploads/2026/05/sunlit-invisible-solar-roof-shanghai-villa-exterior.webp,2627,"Wide exterior view of a white luxury villa in Shanghai, contrasting its modern invisible solar roof with neighboring traditional tiles."
/images/projects/shanghai-ansheng-huayuan-villa/sunlit-solar-roof-tiles-residential-upgrade-shanghai.webp,public/images/projects/shanghai-ansheng-huayuan-villa/sunlit-solar-roof-tiles-residential-upgrade-shanghai.webp,sunlit-solar-roof-tiles-residential-upgrade-shanghai.webp,astro_asset_without_exact_wordpress_filename_match,,,,
/images/projects/shanghai-hongqiao-royal-villa/sunlit-bipv-solar-roof-luxury-villa-community-shanghai.webp,public/images/projects/shanghai-hongqiao-royal-villa/sunlit-bipv-solar-roof-luxury-villa-community-shanghai.webp,sunlit-bipv-solar-roof-luxury-villa-community-shanghai.webp,legacy_alt_inherited,2026/05/sunlit-bipv-solar-roof-luxury-villa-community-shanghai.webp,https://www.sunlitsolarroof.com/wp-content/uploads/2026/05/sunlit-bipv-solar-roof-luxury-villa-community-shanghai.webp,2629,"Aerial view of the premium Hongqiao Royal Villa community in Shanghai, highlighting a modern Sunlit BIPV solar roof upgrading the neighborhood aesthetic."
/images/projects/shanghai-hongqiao-royal-villa/sunlit-invisible-solar-roof-classic-architecture.webp,public/images/projects/shanghai-hongqiao-royal-villa/sunlit-invisible-solar-roof-classic-architecture.webp,sunlit-invisible-solar-roof-classic-architecture.webp,legacy_alt_inherited,2026/05/sunlit-invisible-solar-roof-classic-architecture.webp,https://www.sunlitsolarroof.com/wp-content/uploads/2026/05/sunlit-invisible-solar-roof-classic-architecture.webp,2630,"Aesthetic integration of an invisible solar roof with classic architectural elements like stone facades, chimneys, and dormer windows."
/images/projects/shanghai-hongqiao-royal-villa/sunlit-solar-slate-waterproof-surface-details.webp,public/images/projects/shanghai-hongqiao-royal-villa/sunlit-solar-slate-waterproof-surface-details.webp,sunlit-solar-slate-waterproof-surface-details.webp,legacy_alt_inherited,2026/05/sunlit-solar-slate-waterproof-surface-details.webp,https://www.sunlitsolarroof.com/wp-content/uploads/2026/05/sunlit-solar-slate-waterproof-surface-details.webp,2631,"Close-up of the Lumina Slate solar roof surface with rain droplets, showcasing its premium waterproof texture and sleek finish."
/images/projects/shanghai-hongqiao-royal-villa/sunlit-solar-tiles-hip-ridge-capping.webp,public/images/projects/shanghai-hongqiao-royal-villa/sunlit-solar-tiles-hip-ridge-capping.webp,sunlit-solar-tiles-hip-ridge-capping.webp,legacy_alt_inherited,2026/05/sunlit-solar-tiles-hip-ridge-capping.webp,https://www.sunlitsolarroof.com/wp-content/uploads/2026/05/sunlit-solar-tiles-hip-ridge-capping.webp,2632,"Detailed view of the precise hip ridge capping on the Sunlit solar tile roof, ensuring seamless edge-to-edge protection."
/images/projects/suzhou-urban-relay-station/sunlit-aesthetic-solar-power-for-urban-facilities.webp,public/images/projects/suzhou-urban-relay-station/sunlit-aesthetic-solar-power-for-urban-facilities.webp,sunlit-aesthetic-solar-power-for-urban-facilities.webp,legacy_alt_inherited,2026/05/sunlit-aesthetic-solar-power-for-urban-facilities.webp,https://www.sunlitsolarroof.com/wp-content/uploads/2026/05/sunlit-aesthetic-solar-power-for-urban-facilities.webp,2633,High-angle shot of the urban relay facility utilizing aesthetic solar power without compromising public space design.
/images/projects/suzhou-urban-relay-station/sunlit-bipv-roofing-smart-city-station.webp,public/images/projects/suzhou-urban-relay-station/sunlit-bipv-roofing-smart-city-station.webp,sunlit-bipv-roofing-smart-city-station.webp,legacy_alt_inherited,2026/05/sunlit-bipv-roofing-smart-city-station.webp,https://www.sunlitsolarroof.com/wp-content/uploads/2026/05/sunlit-bipv-roofing-smart-city-station.webp,2634,"Angled aerial view of the smart city station, showing the seamless dark BIPV roofing contrasting with the white structural frame."
/images/projects/suzhou-urban-relay-station/sunlit-bipv-solar-roof-urban-infrastructure-suzhou.webp,public/images/projects/suzhou-urban-relay-station/sunlit-bipv-solar-roof-urban-infrastructure-suzhou.webp,sunlit-bipv-solar-roof-urban-infrastructure-suzhou.webp,legacy_alt_inherited,2026/05/sunlit-bipv-solar-roof-urban-infrastructure-suzhou.webp,https://www.sunlitsolarroof.com/wp-content/uploads/2026/05/sunlit-bipv-solar-roof-urban-infrastructure-suzhou.webp,2635,"Aerial view of a modern urban relay station in Suzhou featuring a clean, integrated Sunlit BIPV solar roof."
/images/projects/suzhou-urban-relay-station/sunlit-commercial-solar-roof-public-pavilion.webp,public/images/projects/suzhou-urban-relay-station/sunlit-commercial-solar-roof-public-pavilion.webp,sunlit-commercial-solar-roof-public-pavilion.webp,legacy_alt_inherited,2026/05/sunlit-commercial-solar-roof-public-pavilion.webp,https://www.sunlitsolarroof.com/wp-content/uploads/2026/05/sunlit-commercial-solar-roof-public-pavilion.webp,2636,Elevated view of a commercial public pavilion powered entirely by a flush-mounted solar roof.
/images/projects/suzhou-urban-relay-station/sunlit-invisible-solar-tiles-top-down-view.webp,public/images/projects/suzhou-urban-relay-station/sunlit-invisible-solar-tiles-top-down-view.webp,sunlit-invisible-solar-tiles-top-down-view.webp,legacy_alt_inherited,2026/05/sunlit-invisible-solar-tiles-top-down-view.webp,https://www.sunlitsolarroof.com/wp-content/uploads/2026/05/sunlit-invisible-solar-tiles-top-down-view.webp,2637,Top-down aerial perspective highlighting the sleek rectangular footprint and hipped design of the invisible solar tiles.
/images/projects/suzhou-urban-relay-station/sunlit-solar-roof-city-street-integration.webp,public/images/projects/suzhou-urban-relay-station/sunlit-solar-roof-city-street-integration.webp,sunlit-solar-roof-city-street-integration.webp,legacy_alt_inherited,2026/05/sunlit-solar-roof-city-street-integration.webp,https://www.sunlitsolarroof.com/wp-content/uploads/2026/05/sunlit-solar-roof-city-street-integration.webp,2638,Wide shot demonstrating how the modern solar roof elevates the city streetscape and harmonizes with urban planning.
/images/projects/suzhou-urban-relay-station/sunlit-solar-roof-urban-landscape-contrast.webp,public/images/projects/suzhou-urban-relay-station/sunlit-solar-roof-urban-landscape-contrast.webp,sunlit-solar-roof-urban-landscape-contrast.webp,legacy_alt_inherited,2026/05/sunlit-solar-roof-urban-landscape-contrast.webp,https://www.sunlitsolarroof.com/wp-content/uploads/2026/05/sunlit-solar-roof-urban-landscape-contrast.webp,2639,Expansive urban landscape view contrasting the sleek public solar roof with cluttered traditional roofs in the background.
/images/projects/suzhou-urban-relay-station/sunlit-solar-slate-roof-ridge-capping-details.webp,public/images/projects/suzhou-urban-relay-station/sunlit-solar-slate-roof-ridge-capping-details.webp,sunlit-solar-slate-roof-ridge-capping-details.webp,legacy_alt_inherited,2026/05/sunlit-solar-slate-roof-ridge-capping-details.webp,https://www.sunlitsolarroof.com/wp-content/uploads/2026/05/sunlit-solar-slate-roof-ridge-capping-details.webp,2640,"Close-up of the waterproof ridge capping on the solar slate roof, ensuring urban durability and aesthetic appeal."
/images/projects/suzhou-urban-relay-station/sunlit-solar-tiles-hip-roof-intersection.webp,public/images/projects/suzhou-urban-relay-station/sunlit-solar-tiles-hip-roof-intersection.webp,sunlit-solar-tiles-hip-roof-intersection.webp,legacy_alt_inherited,2026/05/sunlit-solar-tiles-hip-roof-intersection.webp,https://www.sunlitsolarroof.com/wp-content/uploads/2026/05/sunlit-solar-tiles-hip-roof-intersection.webp,2641,Detailed top-down shot of the precise hip roof intersection using modular solar tiles on a public building.
/images/projects/urban-compact-home-retrofit/storm-guard-bipv-panel-installation-workers.webp,public/images/projects/urban-compact-home-retrofit/storm-guard-bipv-panel-installation-workers.webp,storm-guard-bipv-panel-installation-workers.webp,legacy_alt_inherited,2026/05/storm-guard-bipv-panel-installation-workers.webp,https://www.sunlitsolarroof.com/wp-content/uploads/2026/05/storm-guard-bipv-panel-installation-workers.webp,2692,Workers installing heavy-duty Storm Guard BIPV panels on a compact urban residential roof.
/images/projects/urban-compact-home-retrofit/storm-guard-compact-urban-solar-roof-aerial.webp,public/images/projects/urban-compact-home-retrofit/storm-guard-compact-urban-solar-roof-aerial.webp,storm-guard-compact-urban-solar-roof-aerial.webp,legacy_alt_inherited,2026/05/storm-guard-compact-urban-solar-roof-aerial.webp,https://www.sunlitsolarroof.com/wp-content/uploads/2026/05/storm-guard-compact-urban-solar-roof-aerial.webp,2693,"Aerial view of a compact, typhoon-resistant Storm Guard solar roof in a dense urban neighborhood."
/images/projects/urban-compact-home-retrofit/storm-guard-solar-panel-profile-insulatio.webp,public/images/projects/urban-compact-home-retrofit/storm-guard-solar-panel-profile-insulatio.webp,storm-guard-solar-panel-profile-insulatio.webp,legacy_alt_inherited,2026/05/storm-guard-solar-panel-profile-insulatio.webp,https://www.sunlitsolarroof.com/wp-content/uploads/2026/05/storm-guard-solar-panel-profile-insulatio.webp,2694,Side profile close-up showing the robust interlocking design and underlying insulation of the Storm Guard system.
/images/projects/urban-compact-home-retrofit/storm-guard-solar-roof-skylight-integration.webp,public/images/projects/urban-compact-home-retrofit/storm-guard-solar-roof-skylight-integration.webp,storm-guard-solar-roof-skylight-integration.webp,legacy_alt_inherited,2026/05/storm-guard-solar-roof-skylight-integration.webp,https://www.sunlitsolarroof.com/wp-content/uploads/2026/05/storm-guard-solar-roof-skylight-integration.webp,2695,Seamless and watertight integration of a large modern glass skylight within the durable Storm Guard solar roofing system.
/images/projects/urban-compact-home-retrofit/storm-guard-urban-solar-retrofit-cityscape.webp,public/images/projects/urban-compact-home-retrofit/storm-guard-urban-solar-retrofit-cityscape.webp,storm-guard-urban-solar-retrofit-cityscape.webp,legacy_alt_inherited,2026/05/storm-guard-urban-solar-retrofit-cityscape.webp,https://www.sunlitsolarroof.com/wp-content/uploads/2026/05/storm-guard-urban-solar-retrofit-cityscape.webp,2696,"A resilient Storm Guard solar roof retrofit on a small residential home, set against a backdrop of modern high-rise apartments."
/images/projects/urban-eco-park/comprehensive-bipv-glass-canopy-maintenance.webp,public/images/projects/urban-eco-park/comprehensive-bipv-glass-canopy-maintenance.webp,comprehensive-bipv-glass-canopy-maintenance.webp,legacy_alt_inherited,2026/05/comprehensive-bipv-glass-canopy-maintenance.webp,https://www.sunlitsolarroof.com/wp-content/uploads/2026/05/comprehensive-bipv-glass-canopy-maintenance.webp,2711,Worker cleaning the transparent solar glass canopy of a comprehensive BIPV demo station in an urban park.
/images/projects/urban-eco-park/comprehensive-bipv-pavilion-aerial-view.webp,public/images/projects/urban-eco-park/comprehensive-bipv-pavilion-aerial-view.webp,comprehensive-bipv-pavilion-aerial-view.webp,legacy_alt_inherited,2026/05/comprehensive-bipv-pavilion-aerial-view.webp,https://www.sunlitsolarroof.com/wp-content/uploads/2026/05/comprehensive-bipv-pavilion-aerial-view.webp,2712,"Aerial view of the all-in-one BIPV pavilion, showcasing integrated solar tiles and a solar glass sunroom roof."
/images/projects/urban-eco-park/comprehensive-bipv-smart-city-energy-station.webp,public/images/projects/urban-eco-park/comprehensive-bipv-smart-city-energy-station.webp,comprehensive-bipv-smart-city-energy-station.webp,legacy_alt_inherited,2026/05/comprehensive-bipv-smart-city-energy-station.webp,https://www.sunlitsolarroof.com/wp-content/uploads/2026/05/comprehensive-bipv-smart-city-energy-station.webp,2713,A smart city energy station utilizing a complete BIPV building envelope to achieve zero emissions.
/images/projects/urban-eco-park/integrated-solar-facade-custom-design.webp,public/images/projects/urban-eco-park/integrated-solar-facade-custom-design.webp,integrated-solar-facade-custom-design.webp,legacy_alt_inherited,2026/05/integrated-solar-facade-custom-design.webp,https://www.sunlitsolarroof.com/wp-content/uploads/2026/05/integrated-solar-facade-custom-design.webp,2714,Ground view of the BIPV energy station featuring custom-printed solar glass facades blending with the environment.
/images/projects/urban-eco-park/solar-curtain-wall-and-roof-integration.webp,public/images/projects/urban-eco-park/solar-curtain-wall-and-roof-integration.webp,solar-curtain-wall-and-roof-integration.webp,legacy_alt_inherited,2026/05/solar-curtain-wall-and-roof-integration.webp,https://www.sunlitsolarroof.com/wp-content/uploads/2026/05/solar-curtain-wall-and-roof-integration.webp,2715,High-angle view demonstrating the seamless integration of a black solar curtain wall and aesthetic solar roof tiles.
/images/projects/urban-eco-park/solar-curtain-wall-vertical-bipv-facade.webp,public/images/projects/urban-eco-park/solar-curtain-wall-vertical-bipv-facade.webp,solar-curtain-wall-vertical-bipv-facade.webp,legacy_alt_inherited,2026/05/solar-curtain-wall-vertical-bipv-facade.webp,https://www.sunlitsolarroof.com/wp-content/uploads/2026/05/solar-curtain-wall-vertical-bipv-facade.webp,2716,"Vertical solar curtain wall modules applied to the facade of the energy station, maximizing power generation."
/images/projects/urban-eco-park/solar-energy-station-multi-module-installation.webp,public/images/projects/urban-eco-park/solar-energy-station-multi-module-installation.webp,solar-energy-station-multi-module-installation.webp,legacy_alt_inherited,2026/05/solar-energy-station-multi-module-installation.webp,https://www.sunlitsolarroof.com/wp-content/uploads/2026/05/solar-energy-station-multi-module-installation.webp,2717,"Construction view of the energy station highlighting the multi-module BIPV setup: roof, canopy, and walls."
/images/projects/urban-eco-park/urban-bipv-demo-station-ground-view.webp,public/images/projects/urban-eco-park/urban-bipv-demo-station-ground-view.webp,urban-bipv-demo-station-ground-view.webp,legacy_alt_inherited,2026/05/urban-bipv-demo-station-ground-view.webp,https://www.sunlitsolarroof.com/wp-content/uploads/2026/05/urban-bipv-demo-station-ground-view.webp,2718,"Entrance view of the urban BIPV demonstration pavilion, transforming a standard utility building into an eco-landmark."
/images/projects/urban-low-slope-extension/storm-guard-flat-roof-bipv-waterproof-surface.webp,public/images/projects/urban-low-slope-extension/storm-guard-flat-roof-bipv-waterproof-surface.webp,storm-guard-flat-roof-bipv-waterproof-surface.webp,legacy_alt_inherited,2026/05/storm-guard-flat-roof-bipv-waterproof-surface.webp,https://www.sunlitsolarroof.com/wp-content/uploads/2026/05/storm-guard-flat-roof-bipv-waterproof-surface.webp,2689,"Wet surface of the Storm Guard flat roof BIPV system, demonstrating excellent drainage and waterproofing on a low-slope structure."
/images/projects/urban-low-slope-extension/storm-guard-low-slope-solar-roof-installation.webp,public/images/projects/urban-low-slope-extension/storm-guard-low-slope-solar-roof-installation.webp,storm-guard-low-slope-solar-roof-installation.webp,legacy_alt_inherited,2026/05/storm-guard-low-slope-solar-roof-installation.webp,https://www.sunlitsolarroof.com/wp-content/uploads/2026/05/storm-guard-low-slope-solar-roof-installation.webp,2690,"Wet surface of the Storm Guard flat roof BIPV system, demonstrating excellent drainage and waterproofing on a low-slope structure."
/images/projects/urban-low-slope-extension/storm-guard-urban-flat-roof-solar-integration.webp,public/images/projects/urban-low-slope-extension/storm-guard-urban-flat-roof-solar-integration.webp,storm-guard-urban-flat-roof-solar-integration.webp,legacy_alt_inherited,2026/05/storm-guard-urban-flat-roof-solar-integration.webp,https://www.sunlitsolarroof.com/wp-content/uploads/2026/05/storm-guard-urban-flat-roof-solar-integration.webp,2691,"Seamless flat roof solar integration using Storm Guard panels, replacing outdated roof structures in a dense urban landscape."
/images/projects/us-coastal-community/coastal-community-bipv-aerial-overview.webp,public/images/projects/us-coastal-community/coastal-community-bipv-aerial-overview.webp,coastal-community-bipv-aerial-overview.webp,legacy_alt_inherited,2026/05/coastal-community-bipv-aerial-overview.webp,https://www.sunlitsolarroof.com/wp-content/uploads/2026/05/coastal-community-bipv-aerial-overview.webp,2740,Aerial overview of a coastal US residential community featuring multiple homes upgraded with sleek BIPV solar roofs.
/images/projects/us-coastal-community/neighborhood-scale-solar-roof-deployment.webp,public/images/projects/us-coastal-community/neighborhood-scale-solar-roof-deployment.webp,neighborhood-scale-solar-roof-deployment.webp,legacy_alt_inherited,2026/05/neighborhood-scale-solar-roof-deployment.webp,https://www.sunlitsolarroof.com/wp-content/uploads/2026/05/neighborhood-scale-solar-roof-deployment.webp,2741,"Waterfront aerial view showcasing a row of premium homes equipped with uniform, black solar tile roofs."
/images/projects/us-coastal-community/solar-roof-standard-for-new-developments.webp,public/images/projects/us-coastal-community/solar-roof-standard-for-new-developments.webp,solar-roof-standard-for-new-developments.webp,legacy_alt_inherited,2026/05/solar-roof-standard-for-new-developments.webp,https://www.sunlitsolarroof.com/wp-content/uploads/2026/05/solar-roof-standard-for-new-developments.webp,2742,"Street-level view of newly developed coastal homes, demonstrating how BIPV solar roofs enhance neighborhood curb appeal."
/images/projects/us-coastal-community/us-coastal-villa-invisible-solar-roof.webp,public/images/projects/us-coastal-community/us-coastal-villa-invisible-solar-roof.webp,us-coastal-villa-invisible-solar-roof.webp,legacy_alt_inherited,2026/05/us-coastal-villa-invisible-solar-roof.webp,https://www.sunlitsolarroof.com/wp-content/uploads/2026/05/us-coastal-villa-invisible-solar-roof.webp,2743,"A beautiful white coastal villa seamlessly integrating a dark, high-efficiency solar roof into its modern architecture."
/images/projects/us-coastal-community/us-modern-home-bipv-facade-integration.webp,public/images/projects/us-coastal-community/us-modern-home-bipv-facade-integration.webp,us-modern-home-bipv-facade-integration.webp,legacy_alt_inherited,2026/05/us-modern-home-bipv-facade-integration.webp,https://www.sunlitsolarroof.com/wp-content/uploads/2026/05/us-modern-home-bipv-facade-integration.webp,2744,"Front facade of a modern US home highlighting the clean, edge-to-edge finish of the Lumina Slate solar roof."
/images/projects/usa-private-gymnasium/sunlit-bipv-solar-roof-gymnasium-aerial-usa-scaled.webp,public/images/projects/usa-private-gymnasium/sunlit-bipv-solar-roof-gymnasium-aerial-usa-scaled.webp,sunlit-bipv-solar-roof-gymnasium-aerial-usa-scaled.webp,legacy_alt_inherited,2026/05/sunlit-bipv-solar-roof-gymnasium-aerial-usa-scaled.webp,https://www.sunlitsolarroof.com/wp-content/uploads/2026/05/sunlit-bipv-solar-roof-gymnasium-aerial-usa-scaled.webp,2672,Aerial perspective of the sprawling USA gymnasium building featuring a full-coverage Lumina Slate BIPV solar roof.
/images/projects/usa-private-gymnasium/sunlit-bipv-solar-roof-gymnasium-aerial-usa.webp,public/images/projects/usa-private-gymnasium/sunlit-bipv-solar-roof-gymnasium-aerial-usa.webp,sunlit-bipv-solar-roof-gymnasium-aerial-usa.webp,astro_asset_without_exact_wordpress_filename_match,,,,
/images/projects/usa-private-gymnasium/sunlit-invisible-solar-roof-massive-expanse.webp,public/images/projects/usa-private-gymnasium/sunlit-invisible-solar-roof-massive-expanse.webp,sunlit-invisible-solar-roof-massive-expanse.webp,legacy_alt_inherited,2026/05/sunlit-invisible-solar-roof-massive-expanse.webp,https://www.sunlitsolarroof.com/wp-content/uploads/2026/05/sunlit-invisible-solar-roof-massive-expanse.webp,2673,Installation team conducting a pre-layout ground test of Lumina Slate solar tiles for precise alignment.
/images/projects/usa-private-gymnasium/usa-gym-completed-bipv-roof-expanse.webp,public/images/projects/usa-private-gymnasium/usa-gym-completed-bipv-roof-expanse.webp,usa-gym-completed-bipv-roof-expanse.webp,legacy_alt_inherited,2026/05/usa-gym-completed-bipv-roof-expanse.webp,https://www.sunlitsolarroof.com/wp-content/uploads/2026/05/usa-gym-completed-bipv-roof-expanse.webp,2674,"Elevated aerial view looking across the finished, modern Lumina Slate BIPV roof on the USA gymnasium."
/images/projects/usa-private-gymnasium/usa-gym-solar-slate-installation-worker.webp,public/images/projects/usa-private-gymnasium/usa-gym-solar-slate-installation-worker.webp,usa-gym-solar-slate-installation-worker.webp,legacy_alt_inherited,2026/05/usa-gym-solar-slate-installation-worker.webp,https://www.sunlitsolarroof.com/wp-content/uploads/2026/05/usa-gym-solar-slate-installation-worker.webp,2676,Close-up construction shot of an installer manually positioning a large-format Lumina Slate solar tile on the roof.
/images/projects/usa-private-gymnasium/usa-gymnasium-solar-roof-construction-scaffolding.webp,public/images/projects/usa-private-gymnasium/usa-gymnasium-solar-roof-construction-scaffolding.webp,usa-gymnasium-solar-roof-construction-scaffolding.webp,legacy_alt_inherited,2026/05/usa-gymnasium-solar-roof-construction-scaffolding.webp,https://www.sunlitsolarroof.com/wp-content/uploads/2026/05/usa-gymnasium-solar-roof-construction-scaffolding.webp,2675,"Wide drone view of the large USA gymnasium under construction, showing scaffolding and active building site infrastructure."
/images/projects/usa-private-gymnasium/usa-large-gym-invisible-solar-roof-facade.webp,public/images/projects/usa-private-gymnasium/usa-large-gym-invisible-solar-roof-facade.webp,usa-large-gym-invisible-solar-roof-facade.webp,legacy_alt_inherited,2026/05/usa-large-gym-invisible-solar-roof-facade.webp,https://www.sunlitsolarroof.com/wp-content/uploads/2026/05/usa-large-gym-invisible-solar-roof-facade.webp,2677,"Complete architectural facade view showcasing the uniform, premium aesthetic of the invisible solar slate roofing."
/images/projects/usa-private-gymnasium/usa-solar-roof-pre-installation-framing.webp,public/images/projects/usa-private-gymnasium/usa-solar-roof-pre-installation-framing.webp,usa-solar-roof-pre-installation-framing.webp,legacy_alt_inherited,2026/05/usa-solar-roof-pre-installation-framing.webp,https://www.sunlitsolarroof.com/wp-content/uploads/2026/05/usa-solar-roof-pre-installation-framing.webp,2678,Detailed view of the complex wooden batten sub-structure prepared for the large-scale solar tile installation.
/images/projects/usa-private-gymnasium/usa-solar-roof-substructure-wooden-battens-scaled.webp,public/images/projects/usa-private-gymnasium/usa-solar-roof-substructure-wooden-battens-scaled.webp,usa-solar-roof-substructure-wooden-battens-scaled.webp,legacy_alt_inherited,2026/05/usa-solar-roof-substructure-wooden-battens-scaled.webp,https://www.sunlitsolarroof.com/wp-content/uploads/2026/05/usa-solar-roof-substructure-wooden-battens-scaled.webp,2679,Aerial look at the construction phase where the wooden framing meets the newly installed dark solar tiles.
/images/projects/usa-private-gymnasium/usa-solar-roof-substructure-wooden-battens.webp,public/images/projects/usa-private-gymnasium/usa-solar-roof-substructure-wooden-battens.webp,usa-solar-roof-substructure-wooden-battens.webp,astro_asset_without_exact_wordpress_filename_match,,,,
/images/projects/usa-private-gymnasium/usa-solar-tile-multi-slope-hip-valley-integration.webp,public/images/projects/usa-private-gymnasium/usa-solar-tile-multi-slope-hip-valley-integration.webp,usa-solar-tile-multi-slope-hip-valley-integration.webp,legacy_alt_inherited,2026/05/usa-solar-tile-multi-slope-hip-valley-integration.webp,https://www.sunlitsolarroof.com/wp-content/uploads/2026/05/usa-solar-tile-multi-slope-hip-valley-integration.webp,2680,Drone close-up showing the precise custom-cut integration of solar tiles at a complex multiple-slope roof intersection.
/images/projects/xuzhou-luxury-villa-the-ultimate-bipv-vs-bapv-contrast/sunlit-bipv-roof-vent-pipe-integration.webp,public/images/projects/xuzhou-luxury-villa-the-ultimate-bipv-vs-bapv-contrast/sunlit-bipv-roof-vent-pipe-integration.webp,sunlit-bipv-roof-vent-pipe-integration.webp,legacy_alt_inherited,2026/05/sunlit-bipv-roof-vent-pipe-integration.webp,https://www.sunlitsolarroof.com/wp-content/uploads/2026/05/sunlit-bipv-roof-vent-pipe-integration.webp,2642,Detail shot of a roof vent pipe flawlessly integrated into the waterproof Sunlit BIPV roofing system.
/images/projects/xuzhou-luxury-villa-the-ultimate-bipv-vs-bapv-contrast/sunlit-bipv-vs-bapv-solar-roof-comparison.webp,public/images/projects/xuzhou-luxury-villa-the-ultimate-bipv-vs-bapv-contrast/sunlit-bipv-vs-bapv-solar-roof-comparison.webp,sunlit-bipv-vs-bapv-solar-roof-comparison.webp,legacy_alt_inherited,2026/05/sunlit-bipv-vs-bapv-solar-roof-comparison.webp,https://www.sunlitsolarroof.com/wp-content/uploads/2026/05/sunlit-bipv-vs-bapv-solar-roof-comparison.webp,2643,Aerial comparison showing the aesthetic superiority of a seamless Sunlit BIPV solar roof against neighboring traditional BAPV rack-mounted panels.
/images/projects/xuzhou-luxury-villa-the-ultimate-bipv-vs-bapv-contrast/sunlit-invisible-solar-roof-neighborhood-upgrade.webp,public/images/projects/xuzhou-luxury-villa-the-ultimate-bipv-vs-bapv-contrast/sunlit-invisible-solar-roof-neighborhood-upgrade.webp,sunlit-invisible-solar-roof-neighborhood-upgrade.webp,legacy_alt_inherited,2026/05/sunlit-invisible-solar-roof-neighborhood-upgrade.webp,https://www.sunlitsolarroof.com/wp-content/uploads/2026/05/sunlit-invisible-solar-roof-neighborhood-upgrade.webp,2644,A high-end residential neighborhood demonstrating how an invisible solar roof upgrades property appearance compared to bulky traditional panels.
/images/projects/xuzhou-luxury-villa-the-ultimate-bipv-vs-bapv-contrast/sunlit-solar-slate-multi-hip-roof-installation.webp,public/images/projects/xuzhou-luxury-villa-the-ultimate-bipv-vs-bapv-contrast/sunlit-solar-slate-multi-hip-roof-installation.webp,sunlit-solar-slate-multi-hip-roof-installation.webp,legacy_alt_inherited,2026/05/sunlit-solar-slate-multi-hip-roof-installation.webp,https://www.sunlitsolarroof.com/wp-content/uploads/2026/05/sunlit-solar-slate-multi-hip-roof-installation.webp,2645,"Top-down view of the multi-hip roof installation, showcasing the precise waterproof ridge capping of the solar slates."
/images/projects/xuzhou-luxury-villa-the-ultimate-bipv-vs-bapv-contrast/sunlit-solar-tiles-flush-mount-design.webp,public/images/projects/xuzhou-luxury-villa-the-ultimate-bipv-vs-bapv-contrast/sunlit-solar-tiles-flush-mount-design.webp,sunlit-solar-tiles-flush-mount-design.webp,legacy_alt_inherited,2026/05/sunlit-solar-tiles-flush-mount-design.webp,https://www.sunlitsolarroof.com/wp-content/uploads/2026/05/sunlit-solar-tiles-flush-mount-design.webp,2646,"Sleek, flush-mounted design of the Sunlit solar tiles delivering a clean, modern architectural aesthetic."
/images/projects/yiwu-golf-villa/sunlit-bipv-solar-roof-brick-villa-yiwu.webp,public/images/projects/yiwu-golf-villa/sunlit-bipv-solar-roof-brick-villa-yiwu.webp,sunlit-bipv-solar-roof-brick-villa-yiwu.webp,legacy_alt_inherited,2026/05/sunlit-bipv-solar-roof-brick-villa-yiwu.webp,https://www.sunlitsolarroof.com/wp-content/uploads/2026/05/sunlit-bipv-solar-roof-brick-villa-yiwu.webp,2647,"Modern Sunlit BIPV solar roof seamlessly integrated with a classic brick villa facade in Yiwu, maximizing energy output."
/images/projects/yiwu-golf-villa/sunlit-invisible-solar-tiles-clean-surface-vent.webp,public/images/projects/yiwu-golf-villa/sunlit-invisible-solar-tiles-clean-surface-vent.webp,sunlit-invisible-solar-tiles-clean-surface-vent.webp,legacy_alt_inherited,2026/05/sunlit-invisible-solar-tiles-clean-surface-vent.webp,https://www.sunlitsolarroof.com/wp-content/uploads/2026/05/sunlit-invisible-solar-tiles-clean-surface-vent.webp,2648,"Expansive, sleek surface of the installed invisible solar tiles featuring a flawlessly integrated roof vent."
/images/projects/yiwu-golf-villa/sunlit-solar-roof-installation-underlayment-edge.webp,public/images/projects/yiwu-golf-villa/sunlit-solar-roof-installation-underlayment-edge.webp,sunlit-solar-roof-installation-underlayment-edge.webp,legacy_alt_inherited,2026/05/sunlit-solar-roof-installation-underlayment-edge.webp,https://www.sunlitsolarroof.com/wp-content/uploads/2026/05/sunlit-solar-roof-installation-underlayment-edge.webp,2649,Edge installation detail of the Sunlit solar roof showing the waterproof underlayment and structural transition.
/images/projects/yiwu-golf-villa/sunlit-solar-slate-flashing-and-insulation-detail.webp,public/images/projects/yiwu-golf-villa/sunlit-solar-slate-flashing-and-insulation-detail.webp,sunlit-solar-slate-flashing-and-insulation-detail.webp,legacy_alt_inherited,2026/05/sunlit-solar-slate-flashing-and-insulation-detail.webp,https://www.sunlitsolarroof.com/wp-content/uploads/2026/05/sunlit-solar-slate-flashing-and-insulation-detail.webp,2650,Close-up of the solar slate installation showing the underlying silver insulation layer and edge flashing process.
/images/shipping/12396c9bf48aa20316ba926d2f5206d5.webp,public/images/shipping/12396c9bf48aa20316ba926d2f5206d5.webp,12396c9bf48aa20316ba926d2f5206d5.webp,astro_asset_without_exact_wordpress_filename_match,,,,
/images/shipping/57e4ef2b6e97c1498741c40e4e2897af.webp,public/images/shipping/57e4ef2b6e97c1498741c40e4e2897af.webp,57e4ef2b6e97c1498741c40e4e2897af.webp,astro_asset_without_exact_wordpress_filename_match,,,,
/images/shipping/8879fe166b4b0f67455ca7409ba71e1e.webp,public/images/shipping/8879fe166b4b0f67455ca7409ba71e1e.webp,8879fe166b4b0f67455ca7409ba71e1e.webp,astro_asset_without_exact_wordpress_filename_match,,,,
/images/shipping/a1e77cb3c75b8df9e4aede91087a4efd.webp,public/images/shipping/a1e77cb3c75b8df9e4aede91087a4efd.webp,a1e77cb3c75b8df9e4aede91087a4efd.webp,astro_asset_without_exact_wordpress_filename_match,,,,
/images/shipping/d3b3b313d354d5508f412571138ccca5.webp,public/images/shipping/d3b3b313d354d5508f412571138ccca5.webp,d3b3b313d354d5508f412571138ccca5.webp,astro_asset_without_exact_wordpress_filename_match,,,,
/images/shipping/d3e036bcf12e37f8d0560afac8c6ab56.webp,public/images/shipping/d3e036bcf12e37f8d0560afac8c6ab56.webp,d3e036bcf12e37f8d0560afac8c6ab56.webp,astro_asset_without_exact_wordpress_filename_match,,,,
/images/shipping/e01a4bdd276c2261308c89b984c791e2.webp,public/images/shipping/e01a4bdd276c2261308c89b984c791e2.webp,e01a4bdd276c2261308c89b984c791e2.webp,astro_asset_without_exact_wordpress_filename_match,,,,
